date,mpg,gallons,USD,miles,ethanol,octane
2012-10-17,19.72365869424693,12.376,45.28,244.1,NA,NA
2012-10-21,21.150886584141855,14.945,50.8,316.1,NA,NA
2012-10-28,17.53167455350328,13.102,43.22,229.7,NA,NA
2012-11-03,19.718862886759855,12.734,39.34,251.1,NA,NA
2012-11-20,16.54513274336283,14.125,46.32,233.7,NA,NA
2012-12-07,16.81686787961231,17.643,57.15,296.7,NA,NA
2012-12-13,20.12277821400528,14.009,42.85,281.9,NA,NA
2012-12-17,18.537590113285273,11.652,36.11,216,NA,NA
2012-12-19,24.429657794676807,5.26,16.14,128.5,NA,NA
2012-12-25,17.61569224909541,10.502,32.13,185,NA,NA
2012-12-29,17.697862098258533,7.063,21.18,125,NA,NA
2013-01-10,19.52112676056338,14.2,42.59,277.2,NA,NA
2013-01-15,17.359472378532097,16.527,50.23,286.9,NA,NA
2013-01-26,13.774925509970203,8.726,27.3,120.2,NA,NA
2013-02-02,14.898612593383138,4.685,15.46,69.8,NA,NA
2013-02-09,14.281180577594416,6.302,21.42,90,NA,NA
2013-02-23,14.809652408746407,11.479,41.31,170,NA,NA
2013-03-02,16.41230335759568,4.259,15.07,69.9,NA,NA
2013-03-09,23.095269643566983,7.547,26.71,174.3,NA,NA
2013-03-16,15.772727272727273,6.6,23.75,104.1,NA,NA
2013-03-23,19.74246149864113,15.454,56.55,305.1,NA,NA
2013-03-30,21.068524970964,12.915,44.29,272.1,NA,NA
2013-04-13,17.780380270046848,14.516,48.47,258.1,NA,NA
2013-04-26,16.682679110623113,14.572,46.91,243.1,NA,NA
2013-05-11,16.709443313567576,11.299,39.87,188.8,10,NA
2013-05-14,23.231197771587745,7.18,27.21,166.8,10,NA
2013-05-19,23.620828848223898,14.864,65.36,351.1,0,NA
2013-05-19,23.23374892182232,12.753,49.72,296.3,0,NA
2013-05-19,17.26076689531092,8.893,33.61,153.5,10,NA
2013-05-31,20.9958932238193,7.792,28.82,163.6,10,NA
2013-06-09,20.88583428789614,15.714,55.93,328.2,10,NA
2013-06-12,21.81992478430794,13.561,50.7,295.9,0,87
2013-06-21,20.33511539966097,15.338,55.05,311.9,0,87
2013-06-23,23.02112395376644,12.545,43.85,288.8,0,87
2013-06-24,19.33345608543546,10.862,36.27,210,0,87
2013-06-30,18.126496408619314,10.024,32.77,181.7,10,89
2013-07-12,21.77707531610775,14.552,52.37,316.9,10,89
2013-07-16,21.73608329995995,9.988,36.89,217.1,0,87
2013-07-18,20.21700825373273,10.783,39.58,218,0,87
2013-07-26,21.950106480073018,13.148,48.63,288.6,0,87
2013-07-28,23.934740882917467,10.42,37.92,249.4,0,87
2013-07-29,21.654984831049276,9.559,32.68,207,0,87
2013-08-17,17.840858949845565,13.598,45.81,242.6,10,89
2013-08-31,14.7440794499618,11.781,41.46,173.7,10,89
2013-09-07,15.235855220175095,7.653,26.93,116.6,NA,NA
2013-09-13,17.399658411614006,9.368,32.5,163,NA,NA
2013-09-19,19.35357875207499,10.241,34.5,198.2,10,89
2013-09-22,22.01805493309431,15.619,50.75,343.9,10,89
2013-09-26,20.5441139079583,15.732,51.43,323.2,0,87
2013-09-29,20.720112862663314,16.303,53.13,337.8,10,87
2013-10-03,21.67837882006864,12.238,39.52,265.3,0,87
2013-10-11,19.40320446861679,13.606,42.1,264,10,87
2013-10-17,16.85915944818736,6.234,19.44,105.1,10,87
2013-10-25,16.88501912279274,12.289,36.85,207.5,10,87
2013-10-31,18.67079695860321,10.653,31.1,198.9,10,87
2013-11-08,14.442433838498077,8.842,25.37,127.7,10,87
2013-11-14,14.598432184588079,6.761,19.06,98.7,10,87
2013-11-22,15.968893150101204,9.387,28.15,149.9,10,87
2013-11-22,19.606906978594733,12.567,38.95,246.4,10,87
2013-11-26,17.6054036387406,9.179,28.45,161.6,0,87
2013-11-26,21.390194761584954,11.912,3.72,254.8,0,87
2013-11-30,21.02855456356526,13.553,41.05,285,0,88
2013-12-01,20.990140994381427,9.433,27.53,198,0,87
2013-12-12,15.301360341574819,10.071,30.7,154.1,10,87
2013-12-18,14.922048997772828,6.735,19.52,100.5,10,87
2013-12-19,18.813993174061434,7.032,21.09,132.3,10,87
2013-12-19,21.297770700636942,15.072,41.11,321,10,87
2013-12-19,21.302783563718993,5.281,17.63,112.5,10,87
2013-12-26,19.10577112467993,15.231,47.96,291,0,87
2013-12-27,22.47649678377041,8.084,25.89,181.7,10,87
2013-12-27,24.3987639392718,7.443,24.55,181.6,10,87
2013-12-27,24.381498745069916,11.156,33.46,272,10,87
2013-12-27,19.782966530512713,16.403,50.83,324.5,10,87
2014-01-03,8.508946322067594,5.03,15.08,42.8,0,88
2014-01-04,21.933727339132748,15.059,48.17,330.3,10,87
2014-01-10,17.607145924589883,11.643,35.15,205,0,87
2014-01-24,14.720062208398135,12.86,38.82,189.3,10,87
2014-01-31,14.283733185411176,7.211,22.13,103,10,87
2014-02-07,14.028336540143433,5.717,NA,80.2,10,87
2014-02-07,19.297870825322224,14.043,45.49,271,10,87
2014-02-14,18.557801822323462,14.048,43.08,260.7,0,87
2014-02-28,17.25329161778125,15.342,50.92,264.7,10,87
2014-03-07,16.18573460678724,9.842,33.78,159.3,10,87
2014-03-22,15.752599890530925,9.135,30.14,143.9,10,87
2014-04-04,15.232683982683984,11.088,37.69,168.9,10,87
2014-04-11,17.46954595791805,7.224,25.06,126.2,10,87
2014-04-25,16.54608955968567,16.034,56.9,265.3,10,87
2014-04-25,21.521719579098843,11.119,40.46,239.3,10,87
2014-04-27,20.518377253814148,11.536,40.36,236.7,0,87
2014-04-27,18.454968944099377,12.88,46.39,237.7,0,87
2014-05-08,17.88398154251813,15.17,54.6,271.3,0,87
2014-05-22,18.442970073404858,14.168,47.87,261.3,10,87
2014-06-05,20.48932234740205,11.894,41.62,243.7,10,87
2014-06-09,NA,NA,NA,160,10,87
2014-07-10,16.107382550335572,15.198,51.35,244.8,10,87
2014-07-22,19.30845840931407,14.258,48.87,275.3,10,87
2014-07-25,21.69357122628151,10.593,33.78,229.8,0,87
2014-08-04,20.318868376888034,16.684,54.71,339,0,87
2014-08-13,NA,NA,NA,NA,10,87
2014-08-16,20.6428035982009,10.672,34.67,220.3,0,87
2014-08-28,16.47389107243122,8.905,28.93,146.7,10,87
2014-09-04,22.396078168020953,14.891,48.68,333.5,10,87
2014-09-05,20.06844022519042,9.059,29.43,181.8,0,87
2014-09-20,16.660450080815618,8.043,24.93,134,10,87
2014-10-03,18.38401732112981,10.161,31.49,186.8,10,87
2014-10-10,18.781551170261586,8.716,25.88,163.7,10,87
2014-10-25,18.652548289504306,17.188,50.17,320.6,10,87
2014-11-06,19.08370249475402,8.578,24.67,163.7,10,87
2014-11-09,22.206351873634684,11.902,34.22,264.3,10,87
2014-11-17,20.36572248117605,13.945,39.31,284,0,87
2014-11-24,16.34518448820485,14.879,40.46,243.2,10,87
2015-04-30,39.08611177740465,8.338,20.18,325.9,0,87
2015-05-07,16.98885282912375,7.087,18.08,120.4,10,87
2015-05-14,16.670563479074115,8.554,22.23,142.6,10,87
2015-05-26,22.984211160660475,16.594,42.46,381.4,10,87
2015-06-05,18.103021297672115,12.114,29.06,219.3,10,87
2015-06-06,23.66426499485356,10.687,28.74,252.9,10,87
2015-06-08,20.15511892450879,9.67,23.68,194.9,0,87
2015-06-08,21.018593371059016,7.422,19.36,156,10,87
2015-06-09,21.41176470588235,6.8,17.95,145.6,10,87
2015-06-12,20.656051972948504,18.779,49.93,387.9,10,87
2015-06-15,20.943989930774073,15.89,42.73,332.8,0,87
2015-06-25,19.334143706104808,14.808,39.82,286.3,10,87
2015-06-28,22.871759890859483,14.66,40.45,335.3,10,87
2015-07-02,21.021968685520083,8.239,22.07,173.2,10,87
2015-07-06,NA,14.437,38.24,NA,NA,NA
2015-07-11,NA,11.025,NA,NA,NA,NA
2015-08-04,NA,13.45,NA,NA,NA,NA
2015-10-14,18.147115850702857,16.504,40.58,299.5,NA,NA
2015-10-21,15.4561985239063,9.349,21.98,144.5,10,87
2015-11-05,15.005316321105795,15.048,33.54,225.8,10,87
2015-11-20,17.885082276773673,14.828,30.53,265.2,10,87
2015-11-20,21.37512353522519,14.166,28.32,302.8,0,87
2015-11-27,19.564176245210728,16.704,31.82,326.8,0,87
2015-11-27,20.658149438637246,12.915,25.04,266.8,10,87
2015-11-30,20.16207771919547,10.242,19.96,206.5,0,87
2015-12-07,18.052738336713997,13.311,25.28,240.3,10,87
2015-12-19,15.802710632946765,14.314,27.33,226.2,10,87
2015-12-19,22.406401829094026,6.998,13.22,156.8,10,87
2015-12-23,20.5048596112311,14.816,26.95,303.8,0,87
2015-12-27,18.521119694993477,9.967,17.23,184.6,0,87
2016-01-02,19.08769864626251,16.99,28.53,324.3,0,87
2016-01-03,21.507666098807498,14.088,25.77,303,NA,NA
2016-01-03,17.350157728706623,5.706,13.12,99,0,87
2016-01-03,18.56821329639889,11.552,26.79,214.5,0,87
2016-01-04,20.91332967635765,7.292,12.83,152.5,10,87
2016-01-16,15.065753590691472,16.501,27.38,248.6,10,87
2016-01-20,12.431941923774954,16.53,30.43,205.5,10,87
2016-01-23,15.347899872719557,9.428,15.64,144.7,10,87
2016-02-02,16.891637131438053,13.261,29.43,224,10,87
2016-02-06,14.923302243120325,12.973,20.22,193.6,10,87
2016-02-10,17.06524948331857,10.161,22.55,173.4,10,87
2016-02-13,15.415754923413566,9.14,13.43,140.9,10,87
2016-03-05,16.453627502480593,17.133,29.49,281.9,10,87
2016-03-16,17.020554914863308,14.741,28.44,250.9,10,87
2016-03-20,19.75131516021042,16.728,33.44,330.4,0,87
2016-03-20,22.239085795911077,11.201,22.17,249.1,0,87
2016-03-26,17.59175917591759,9.999,19.09,175.9,0,87
2016-04-09,15.633504687027518,9.921,18.94,155.1,10,87
2016-04-22,17.296522591838276,13.257,27.16,229.3,10,87
2016-05-11,17.875812826724466,15.686,32.14,280.4,10,87
2016-05-29,17.35115588273279,15.486,34.67,268.7,10,87
2016-06-21,15.843678160919541,10.875,24.34,172.3,10,87
2016-07-01,21.46541092050678,17.838,38.51,382.9,10,87
2016-07-10,22.455242966751918,15.64,33.77,351.2,10,89
2016-07-15,19.635171141627385,9.758,20.29,191.6,NA,87
2016-07-15,22.811030626509087,15.738,40.9,359,10,87
2016-07-16,22.578893790295215,14.735,36.51,332.7,0,87
2016-07-20,21.239678059997907,9.567,24.88,203.2,0,87
2016-07-25,23.022747510726138,12.353,33.59,284.4,0,87
2016-07-26,26.190069953932777,11.722,28.82,307,0,87
2016-07-26,24.587412587412587,7.15,17.94,175.8,0,88
2016-07-29,20.905439941584522,13.695,36.96,286.3,0,87
2016-07-31,24.24615384615385,11.375,25.92,275.8,10,87
2016-07-31,18.357039785611214,9.702,21.92,178.1,10,87
2016-08-01,19.57049628168159,13.178,31.61,257.9,10,87
2016-08-01,18.985352713395816,17.819,33.84,338.3,10,87
2016-08-01,19.80498374864572,9.23,19.34,182.8,10,87
2016-08-10,18.913395214170144,11.743,24.65,222.1,0,87
2016-08-10,23.726161369193154,10.225,21.87,242.6,10,87
2016-08-15,21.163298743855815,14.648,32.21,310,0,87
2016-08-15,21.996153456827617,9.879,20.44,217.3,0,87
2016-08-16,19.28544937569539,8.089,16.57,156,0,87
2016-09-01,15.395316485045214,17.252,37.07,265.6,10,87
2016-09-16,21.392866792758714,14.804,31.07,316.7,10,87
2016-09-18,23.938633732149746,10.364,23.31,248.1,0,87
2016-09-18,21.33435582822086,6.52,14.04,139.1,0,87
2016-09-23,19.869067103109657,12.22,26.87,242.8,0,87
2016-10-07,17.853580690205465,15.039,32.17,268.5,10,87
2016-10-16,21.59870308018456,16.038,34.31,346.4,10,87
2016-11-11,18.316715542521994,17.05,34.76,312.3,10,87
2016-11-21,20.418573250318804,13.331,26.12,272.2,10,87
2016-11-26,20.533260032985158,10.914,21.27,224.1,0,87
2016-11-26,22.519861478916276,9.818,19.63,221.1,0,87
2016-11-28,17.919010123734534,8.89,18.13,159.3,0,87
2016-12-14,14.268370237613459,17.297,38.04,246.8,10,87
2016-12-21,16.689774696707108,11.54,26.3,192.6,10,87
2016-12-21,18.804701175293825,7.998,17.54,150.4,10,87
2017-01-17,23.963629253030895,10.228,21.06,245.1,0,87
2017-02-17,17.668979696736056,7.782,17.97,137.5,10,87
2017-03-03,17.271523178807946,15.1,33.98,260.8,10,87
2017-03-17,18.21512309495897,13.648,30.01,248.6,10,87
2017-04-01,17.408942587529765,11.339,24.48,197.4,10,87
2017-04-22,16.274075565398295,14.901,35.15,242.5,10,87
2017-04-23,23.155538977993285,13.405,30.95,310.4,10,87
2017-05-12,16.790421919069818,17.373,37.68,291.7,10,87
2017-05-26,15.513959390862944,12.608,28.61,195.6,10,87
2017-06-01,19.99469812446153,15.089,33.18,301.7,10,87
2017-06-02,21.851765799256505,8.608,22.37,188.1,10,87
2017-06-02,21.036496350364963,6.85,15.47,144.1,0,87
2017-06-02,17.90822407628129,6.712,18.45,120.2,0,87
2017-06-02,22.78997241213866,8.337,25.5,190,10,87
2017-06-05,23.409734741179502,7.766,20.34,181.8,10,87
2017-06-11,20.77584662246909,11.162,28.34,231.9,10,87
2017-06-11,20.00136388434261,14.664,31.66,293.3,10,87
2017-06-11,21.874618110717343,16.366,35.66,358,10,87
2017-06-20,20.84925943621596,16.744,34.31,349.1,10,87
2017-07-02,18.63655176491456,16.913,37.19,315.2,10,87
2017-07-04,20.57714958775029,16.98,34.45,349.4,0,87
2017-07-07,23.665158371040725,13.26,29.16,313.8,0,87
2017-07-08,20.84378359011107,11.164,23.66,232.7,0,87
2017-07-11,21.710205078125,16.384,35.86,355.7,10,87
2017-07-13,24.0375,16,35.34,384.6,10,87
2017-07-15,19.663616126638633,16.172,35.56,318,10,87
2017-07-21,21.317126269956457,16.536,37.19,352.5,0,87
2017-07-21,23.699867783164386,9.076,19.96,215.1,0,87
2017-07-25,17.46513038204973,9.894,20.97,172.8,0,87
2017-07-29,20.612741956159468,15.602,35.56,321.6,10,87
2017-08-01,20.680586547656997,12.548,32.61,259.5,10,87
2017-08-01,21.5980024968789,16.821,37.83,363.3,10,87
2017-08-06,19.276489108783654,15.563,35.78,300,0,87
2017-08-08,22.53088912218364,12.383,28.47,279,0,87
2017-08-13,19.384860840276545,11.282,25.71,218.7,0,87
2017-08-17,25.795053003533567,10.188,23.42,262.8,10,87
2017-08-18,21.558730991085472,15.256,35.99,328.9,0,87
2017-08-21,22.771946245904928,14.957,34.09,340.6,10,87
2017-09-03,22.019052490249983,15.641,40.65,344.4,10,87
2017-09-14,19.726474561008555,17.768,45.25,350.5,10,87
2017-09-15,32.102081934184014,2.978,7.44,95.6,10,87
2017-09-17,18.629821531375935,8.685,21.7,161.8,10,87
2017-09-25,18.895887365691,16.194,39.17,306,10,87
2017-10-10,18.754235721766985,16.231,39.26,304.4,10,87
2017-10-25,18.83705319684511,11.918,28.11,224.5,10,87
2017-11-01,17.75598038234411,9.991,27.37,177.4,10,87
2017-11-12,17.37314943692269,15.806,39.5,274.6,10,87
2017-11-18,18.843202096462218,16.027,40.05,302,10,87
2017-11-26,18.891048939227453,11.831,28.38,223.5,10,87
2017-12-01,16.115594897162197,11.523,28.68,185.7,10,87
2017-12-01,22.686204540277885,13.171,32.39,298.8,10,87
2017-12-03,21.170432675172858,14.029,34.36,297,0,87
2017-12-04,17.797993935152785,8.574,18.6,152.6,0,87
2017-12-17,15.019011406844106,13.676,36.64,205.4,10,87
2017-12-17,18.083333333333332,7.2,19.5,130.2,0,87
2017-12-17,17.787041862080947,11.514,26.47,204.8,0,87
2017-12-17,18.287703326862573,14.939,41.19,273.2,10,87
2017-12-22,18.36108940058919,16.633,42.23,305.4,10,87
2017-12-26,17.446882017619625,11.578,30.67,202,0,87
2017-12-26,17.1118770644837,13.926,33.41,238.3,0,89
2017-12-26,16.699969724492885,16.515,38.98,275.8,10,87
2018-01-15,14.993374140215813,15.847,37.22,237.6,10,87
2018-06-08,18.506218662499187,15.357,44.52,284.2,10,87
2018-06-10,21.952316689158796,15.561,45.11,341.6,10,87
2018-06-18,18.913313977602655,16.877,44.2,319.2,0,87
2018-06-21,21.579907394415606,14.254,38.47,307.6,10,87
2018-06-26,21.48254495995164,13.234,34,284.3,10,87
2018-06-29,19.623418652544867,10.197,28.13,200.1,10,87
2018-07-01,22.399807244398037,12.451,34.1,278.9,10,87
2018-07-02,22.070534698521048,13.185,35.59,291,0,87
2018-07-05,21.957618567103932,14.865,35.66,326.4,0,87
2018-07-11,21.143541215368828,17.542,49.1,370.9,0,87
2018-07-13,20.844958150657636,17.563,47.4,366.1,0,87
2018-07-19,18.573090345095,12.895,33.9,239.5,10,87
2018-07-19,21.998799519807925,6.664,18.12,146.6,10,87
2018-07-19,24.170255890549786,7.894,22.1,190.8,0,87
2018-07-22,19.11451269133889,10.322,27.86,197.3,0,87
2018-07-22,21.213004811196967,6.859,18.24,145.5,10,87
2018-07-22,21.791088816760105,6.778,18.43,147.7,10,87
2018-07-23,20.71418982413747,7.449,18.99,154.3,0,87
2018-07-28,17.941109335768086,8.762,24.09,157.2,10,87
2018-08-07,21.539483517395997,12.043,33.23,259.4,10,87
2018-08-10,20.284510010537407,11.388,31.08,231,10,87
2018-08-10,22.78853601859024,6.455,17.42,147.1,10,87
2018-08-11,20.90360919339334,11.443,33.4,239.2,0,87
2018-08-14,26.24070966195157,8.342,23.77,218.9,0,87
2018-08-16,22.59072338380197,12.483,34.4,282,0,87
2018-08-23,19.063261029619984,17.657,41.12,336.6,0,87
2018-08-30,17.39090575724239,10.908,27.7,189.7,10,87
2018-08-31,22.922669125273714,8.677,23.42,198.9,10,87
2018-09-02,22.157609785442148,9.974,30.91,221,10,87
2018-09-02,20.265195963388873,8.522,23.17,172.7,10,87
2018-09-06,21.446087017445528,14.273,36.24,306.1,NA,87
2018-09-13,18.584244646715998,15.271,38.16,283.8,10,87
2018-09-17,20.293867120954005,14.088,36.61,285.9,10,87
2018-09-25,18.210520045273128,16.787,44.47,305.7,10,87
2018-09-30,20.608945103664105,15.338,42.93,316.1,10,87
2018-10-04,18.113026819923373,10.44,27.97,189.1,10,87
2018-10-11,18.46661170651278,13.343,34.55,246.4,10,87
2018-10-18,18.698523410254506,13.477,33.94,252,10,87
2018-10-24,20.907768402676755,17.185,46.9,359.3,10,87
2018-10-28,19.941281001313452,12.943,31.83,258.1,10,87
2018-11-05,18.205421916762123,13.095,29.71,238.4,10,87
2018-11-16,17.802233371095646,12.358,29.03,220,10,87
2018-11-16,17.16610029863042,9.711,26.31,166.7,10,87
2018-11-16,21.165576541486,13.607,36.04,288,0,87
2018-11-24,16.7991017446882,11.578,31.5,194.5,0,87
2018-11-24,19.4206008583691,11.184,26.61,217.2,0,87
2018-11-30,17.808129227132444,15.229,20.75,271.2,0,87
2018-12-07,16.906846859270495,14.503,27.98,245.2,10,87
2018-12-14,17.61559813147383,14.771,28.64,260.2,10,87
2018-12-20,17.487608426270135,12.912,26.97,225.8,10,87
2018-12-22,16.926108374384235,15.225,32.72,257.7,10,87
2018-12-24,18.03955043391663,14.058,29.5,253.6,0,87
2018-12-30,17.524570024570025,16.28,33.19,285.3,0,87
2019-01-01,17.39069309714607,7.113,14.93,123.7,0,87
2019-01-03,18.46496106785317,17.081,37.34,315.4,10,87
2019-01-07,19.27109335996006,16.024,33.63,308.8,10,87
2019-01-11,17.413253243018723,15.649,28.93,272.5,10,87
2019-01-16,17.24573063010011,11.887,22.34,205,10,87
2019-01-22,17.472687545520756,13.73,26.07,239.9,10,87
2019-01-28,16.974252120851315,13.438,25.38,228.1,10,87
2019-02-02,14.095528455284551,9.84,18.39,138.7,10,87
2019-02-07,18.565097616481015,16.698,36.72,310,10,87
2019-02-13,15.87524765130696,15.647,34.31,248.4,10,87
2019-02-20,16.372321035761424,15.911,36.58,260.5,10,87
2019-02-27,16.404873189793886,13.051,31.31,214.1,10,87
2019-03-05,16.982417881968107,14.674,35.2,249.2,10,87
2019-03-13,16.554668353229506,12.649,31.61,209.4,10,87
2019-03-18,17.970920840064622,15.475,39.45,278.1,10,87
2019-03-21,21.25534950071327,11.917,32.76,253.3,0,88
2019-03-21,20.276972022082905,10.687,27.78,216.7,0,87
2019-03-24,19.6262383668568,13.324,32.38,261.5,0,87
2019-04-07,16.561293571308678,17.873,45.93,296,10,87
2019-04-13,18.461346943856594,8.033,20.48,148.3,10,87
2019-04-28,14.91821985545835,13.145,33.9,196.1,10,87
2019-05-02,18.538556808552244,15.341,38.34,284.4,10,87
2019-05-06,20.04760359190739,9.243,23.79,185.3,10,87
2019-05-10,15.702688990360222,7.884,21.91,123.8,10,87
2019-05-20,21.862204023500087,11.234,29.87,245.6,10,87
2019-05-20,24.30860534124629,8.425,20.97,204.8,0,87
2019-05-29,15.085858131798977,11.123,27.24,167.8,10,87
2019-06-15,17.37418196559912,17.267,42.46,300,10,87
2019-06-22,20.66652394205381,14.013,32.92,289.6,10,87
2019-06-23,25.16242555495398,7.388,18.54,185.9,10,87
2019-06-24,21.854575163398692,14.688,34.08,321,0,87
2019-06-28,16.55110248231868,14.422,37.48,238.7,10,87
2019-06-30,21.054852320675106,11.85,30.8,249.5,10,87
2019-07-02,22.681637260143766,16.833,43.08,381.8,0,87
2019-07-06,22.80316344463972,11.38,29.12,259.5,10,87
2019-07-11,20.914588990372746,16.204,41.47,338.9,10,87
2019-07-13,22.02340377187003,17.604,47.51,387.7,NA,87
2019-07-15,19.6339837595443,8.251,20.29,162,NA,87
2019-07-26,16.865635278353025,16.418,38.89,276.9,10,87
2019-07-28,19.10169063840525,3.963,11.65,75.7,10,87
2019-07-28,20.273748245203556,8.548,23.93,173.3,0,87
2019-07-28,22.156483941077035,8.282,22.6,183.5,0,87
2019-07-28,20.09164121077478,7.202,20.16,144.7,0,87
2019-08-01,20.488206253428412,10.938,32.47,224.1,0,87
2019-08-12,19.060552803962292,12.518,40.05,238.6,0,87
2019-08-12,24.801512287334596,7.935,23.4,196.8,0,87
2019-08-12,21.69864559819413,10.632,25.51,230.7,0,87
2019-08-13,20.317033472507255,14.131,36.02,287.1,10,87
2019-08-23,17.2461752433936,13.661,29.77,235.6,10,87
2019-08-28,19.911600608651547,13.801,34.49,274.8,10,87
2019-08-29,21.908939014202172,9.576,27.28,209.8,10,87
2019-08-29,24.507807196198236,11.784,31.1,288.8,0,87
2019-09-01,27.54590984974958,6.589,17.49,181.5,10,87
2019-09-03,22.599179206566347,10.965,31.02,247.8,10,87
2019-09-03,18.27148896195397,6.387,15.9,116.7,NA,87
2019-09-03,16.436821237717634,11.602,28.65,190.7,NA,87
2019-09-04,14.811559169322052,9.101,22.02,134.8,0,87
2019-09-04,15.643485211830535,12.51,35.52,195.7,10,87
2019-09-04,15.960243141120422,12.174,32.86,194.3,0,87
2019-09-04,14.95742317660126,16.206,46.98,242.4,0,87
2019-09-05,17.010414539513988,9.794,26.43,166.6,0,87
2019-09-09,20.10849332553316,18.803,55.36,378.1,10,87
2019-09-09,19.322189848182795,6.521,18.9,126,10,87
2019-09-09,18.302310422249583,13.807,51.07,252.7,0,87
2019-09-10,18.464969622394833,13.003,39,240.1,0,87
2019-09-17,15.550359825767899,24.62322443275629,175.6128,382.9,10,87
2019-09-26,15.40077245114035,15.220015797496174,107.96280000000002,234.4,10,87
2019-10-03,16.54098351286359,16.03894954575594,120.13320000000002,265.3,0,87
2019-10-15,14.304669165493891,18.95884461656729,132,271.2,NA,87
2019-10-25,13.490839712078651,16.551971913214157,118.19280000000002,223.3,10,87
2019-11-04,13.49566557305337,18.11692788892088,139.8804,244.5,NA,87
2019-11-12,14.141723869832035,10.804906205668606,65.3268,152.8,NA,87
2019-11-22,23.98011028866021,13.169247188547606,81.53640000000001,315.8,NA,87
2019-11-27,14.048317786056852,12.834276868291678,82.0248,180.3,NA,87
2019-12-03,14.693398354010563,15.054379842606217,96.21480000000001,221.2,NA,87
2019-12-10,NA,NA,NA,NA,10,87
2019-12-17,13.344543040928297,12.566934625311392,77.8008,167.7,10,87
2019-12-23,15.513896279105353,10.358455226778604,67.188,160.7,10,87
2019-12-30,17.863946321295597,11.5651937306659,72.1776,206.6,10,87
2020-01-07,14.230087337351982,13.541729957917372,91.3308,192.7,10,87
2020-02-11,NA,13.107430899162837,92.9412,NA,10,87
2020-02-11,NA,9.381018172404046,62.2908,NA,10,87
2020-02-16,NA,15.983,56.88,NA,10,87
2020-02-18,NA,9.822449879933746,67.6764,NA,10,87
2020-02-25,NA,10.173534702978014,72.6396,NA,10,87
2020-03-03,NA,14.719673694527144,100.68960000000001,NA,10,87
2020-03-10,NA,14.514676085285346,94.20840000000001,NA,10,87
2020-03-15,NA,12.548,31.88,NA,10,87
2020-03-15,NA,17.884,48.12,NA,10,87
2020-03-15,NA,12.315,30.78,NA,10,87
2020-03-15,NA,15.147,34.81,NA,10,87
2020-03-15,NA,12.513,28.64,NA,0,87
2020-03-16,NA,16.013,36.81,NA,10,87
2020-03-16,NA,14.225,33.13,NA,10,87
2020-03-16,NA,13.784,32.93,NA,10,87
2020-03-17,NA,7.023,13.06,NA,0,87
2020-06-09,NA,3.415482074596939,22.61,NA,10,87
2020-06-16,NA,13.634,24.12,NA,10,87
2020-06-23,NA,12.407,24.18,NA,10,87
2020-06-30,NA,14.895,29.78,NA,10,87
2020-07-05,NA,13.519,28.38,NA,10,87
2020-07-05,NA,9.588,21.08,NA,10,87
2020-07-06,NA,9.588,21.08,NA,0,87
2020-07-17,NA,12.874,32.17,NA,0,87
2020-07-18,NA,12.874,32.17,NA,0,87
2020-08-07,NA,10.936,27.22,NA,0,87
2020-08-07,NA,14.572,29.13,NA,NA,87
2020-08-07,NA,14.572,29.13,NA,10,87
2020-08-12,NA,10.936,27.22,NA,10,87
2020-08-13,NA,11.679,22.41,NA,NA,87
2020-08-19,NA,16.565,35.43,NA,0,87
2020-09-16,NA,12.017,21.66,NA,10,87
2020-09-18,NA,9.645,20.24,NA,10,87
2020-09-20,NA,17.079,37.56,NA,0,87
2020-09-20,NA,10.652,23.42,NA,0,87
2020-09-23,NA,12.017,21.66,NA,10,87
2020-10-01,NA,12.04,20.94,NA,10,87
2020-10-02,NA,12.04,20.94,NA,10,87
2020-10-23,NA,14.739,24.6,NA,10,87
2020-11-26,NA,8.311,16.45,NA,10,87
2020-11-26,NA,12.298,25.81,NA,10,87
2020-11-26,NA,7.653,16.83,NA,10,87
2020-12-02,NA,13.628,33.65,NA,0,87
2020-12-05,NA,13.628,33.65,NA,10,87
2020-12-07,NA,12.298,25.81,NA,10,87
2020-12-07,NA,8.311,16.45,NA,10,87
2020-12-20,NA,14.978,41.17,NA,10,87
2020-12-20,NA,5.271,15.18,NA,NA,87
2020-12-20,NA,11.149,24.96,NA,10,87
2020-12-20,NA,10.603,25.44,NA,10,87
2020-12-22,NA,11.149,24.96,NA,10,87
2020-12-25,NA,15.903,36.56,NA,10,87
2021-01-01,NA,14.906,28.31,NA,10,87
2021-01-02,NA,10.049,26.33,NA,10,87
2021-01-02,NA,15.582,32.71,NA,10,88
2021-01-02,NA,16.631,43.89,NA,10,88
2021-01-05,NA,15.582,32.71,NA,10,87
2021-01-08,NA,16.631,43.89,NA,10,88
2021-01-11,NA,16.191,44.51,NA,10,87
2021-01-22,NA,9.549,22.72,NA,10,87
2021-01-22,NA,17.202,42.99,NA,10,87
2021-01-22,NA,9.428,20.73,NA,10,87
2021-01-23,NA,10.393,21.92,NA,10,87
2021-01-29,NA,14.978,41.17,NA,10,87
2021-01-29,NA,5.271,15.18,NA,NA,87
2021-01-29,NA,12.017,21.66,NA,10,87
2021-02-13,NA,12.944,28.34,NA,10,87
2021-03-06,NA,17.461,43.98,NA,10,87
2021-04-17,NA,12.271,32.14,NA,10,87
2021-05-08,NA,16.985,44.99,NA,10,87
2021-06-05,NA,17.226,51.68,NA,10,87
2021-06-18,NA,18.729,56.17,NA,10,87
2021-06-28,NA,16.304,48.57,NA,10,87
2021-06-30,NA,17.583,50.8,NA,10,87
2021-07-02,NA,13.548,39.14,NA,10,87
2021-07-03,NA,17.571,54.45,NA,10,87
2021-07-08,NA,17.467,52.38,NA,10,87
2021-07-13,NA,17.945,47.72,NA,10,87
2021-07-18,NA,16.763,51.95,NA,10,87
2021-07-26,NA,16.808,46.04,NA,10,87
2021-07-31,NA,17.604,49.8,NA,10,87
2021-08-05,NA,12.13,37.59,NA,10,87
2021-08-14,NA,17.155,50.59,NA,10,87
2021-08-14,NA,15.675,45.13,NA,0,87
2021-08-18,NA,15.265,47.51,NA,10,87
2021-08-25,NA,16.875,43.35,NA,0,87
2021-09-02,NA,16.433,43.7,NA,10,87
2021-09-03,NA,14.026,51.32,NA,10,87
2021-09-05,NA,14.614,44.12,NA,10,87
2021-09-10,NA,14.103,37.5,NA,10,87
2021-09-16,NA,14.037,38.59,NA,10,87
2021-09-22,NA,17.495,54.22,NA,10,87
2021-09-30,NA,17.308,46.54,NA,10,87
2021-10-08,NA,15.934,49.38,NA,10,87
2021-10-17,NA,16.402,52.47,NA,10,87
2021-10-26,NA,17.735,53.01,NA,10,87
2021-11-01,NA,12.932,38.91,NA,10,87
2021-11-12,NA,13.357,39.79,NA,10,87
2021-11-16,NA,17.172,49.95,NA,10,87
2021-11-19,NA,7.424,24.49,NA,10,87
2021-11-27,NA,11.615,36.69,NA,10,87
2021-12-01,NA,13.885,39.05,NA,0,87
2021-12-06,NA,11.173,30.71,NA,10,87
2021-12-15,NA,16.169,44.13,NA,10,87
2021-12-21,NA,17.308,48.1,NA,10,87
2021-12-29,NA,11.152,31.1,NA,10,87
2022-01-06,NA,16.899,52.37,NA,10,87
NA,NA,NA,NA,NA,10,87
